Customer_ID,Age,Annual_Income,Spending_Score
C001,49,86.0,14
C002,29,111.3,84
C003,28,92.4,70
C004,42,30.4,25
C005,28,45.5,88
C006,25,24.8,71
C007,39,91.0,21
C008,45,16.6,22
C009,64,23.9,29
C010,28,77.4,88
C011,53,80.7,33
C012,32,29.5,27
C013,46,36.0,19
C014,44,81.4,21
C015,42,23.1,18
C016,51,30.4,28
C017,63,96.2,30
C018,38,18.8,31
C019,36,90.5,33
C020,44,84.2,16
C021,20,45.2,84
C022,26,94.1,82
C023,21,27.1,73
C024,35,100.4,27
C025,50,99.1,10
C026,37,96.9,13
C027,44,115.7,37
C028,63,87.2,9
C029,19,21.9,90
C030,25,15.0,76
C031,35,106.7,81
C032,27,99.3,91
C033,40,78.7,16
C034,53,103.1,24
C035,47,37.4,23
C036,25,27.8,74
C037,24,29.2,79
C038,23,43.0,66
C039,47,25.4,32
C040,46,90.8,22
C041,70,98.2,17
C042,46,28.4,14
C043,24,88.6,89
C044,29,63.6,87
C045,21,39.6,76
C046,53,23.6,18
C047,30,71.1,78
C048,24,87.3,88
C049,22,42.7,77
C050,50,65.7,19
C051,32,33.5,81
C052,62,34.6,20
C053,31,106.2,85
C054,31,35.0,69
C055,23,28.1,79
C056,49,70.6,20
C057,21,20.8,81
C058,47,111.2,27
C059,33,24.7,25
C060,38,84.3,27
C061,42,36.0,19
C062,47,82.2,22
C063,43,99.3,83
C064,33,81.7,82
C065,25,89.0,94
C066,24,21.8,79
C067,31,86.6,69
C068,57,25.4,15
C069,42,80.5,18
C070,21,30.7,93
C071,49,96.7,27
C072,29,29.5,84
C073,41,28.1,29
C074,33,106.6,92
C075,27,28.8,89
C076,29,31.2,89
C077,25,96.0,74
C078,22,23.4,78
C079,21,30.5,64
C080,30,40.3,68
C081,36,86.9,79
C082,59,77.1,15
C083,29,98.6,72
C084,37,26.9,15
C085,63,21.0,18
C086,52,97.6,4
C087,48,29.6,39
C088,33,106.0,76
C089,48,36.7,23
C090,53,103.6,20
C091,32,94.6,93
C092,26,31.9,78
C093,22,39.8,73
C094,26,88.8,86
C095,29,92.8,82
C096,63,15.0,30
C097,36,23.4,19
C098,41,84.9,97
C099,34,91.4,77
C100,25,28.2,97
C101,31,107.4,81
C102,32,112.7,74
C103,26,17.4,59
C104,26,24.2,84
C105,24,21.4,83
C106,23,37.4,66
C107,29,89.2,67
C108,56,101.4,1
C109,29,27.1,64
C110,18,15.0,81
C111,54,34.0,6
C112,35,98.9,71
C113,39,33.0,18
C114,53,34.5,24
C115,38,117.8,32
C116,35,35.7,87
C117,55,86.2,18
C118,23,90.3,84
C119,50,22.7,19
C120,28,96.1,83
C121,36,96.2,84
C122,28,30.6,79
C123,40,26.1,19
C124,47,25.3,18
C125,33,104.9,100
C126,23,113.8,71
C127,40,24.8,23
C128,18,38.8,70
C129,38,92.6,25
C130,33,101.2,72
C131,43,30.8,7
C132,38,98.1,71
C133,48,75.6,23
C134,43,24.8,25
C135,30,91.1,83
C136,27,35.6,63
C137,41,102.3,76
C138,26,20.0,84
C139,48,102.6,28
C140,22,23.8,84
C141,47,35.1,25
C142,70,32.1,10
C143,34,30.4,24
C144,21,92.2,84
C145,52,81.2,21
C146,37,85.3,75
C147,37,91.3,83
C148,24,32.2,84
C149,54,88.6,16
C150,50,82.2,10
C151,54,17.0,24
C152,38,16.7,19
C153,32,100.2,15
C154,29,99.0,84
C155,21,80.6,100
C156,52,136.2,26
C157,25,34.3,35
C158,21,23.2,60
C159,34,107.0,73
C160,45,98.2,29
C161,46,15.6,4
C162,30,21.9,92
C163,56,22.2,14
C164,50,20.3,40
C165,39,97.8,12
C166,49,73.5,8
C167,22,25.7,77
C168,48,94.3,10
C169,38,34.6,20
C170,35,96.2,24
C171,34,95.1,86
C172,38,82.1,22
C173,31,113.5,75
C174,50,96.2,14
C175,68,32.2,24
C176,49,34.2,26
C177,28,21.5,62
C178,20,98.9,79
C179,38,23.1,19
C180,39,41.5,25
C181,31,90.4,79
C182,40,103.0,37
C183,24,37.9,68
C184,25,21.3,67
C185,58,45.3,21
C186,28,26.7,78
C187,36,94.9,25
C188,28,29.8,92
C189,45,92.2,25
C190,48,84.3,12
C191,28,32.0,94
C192,34,25.2,25
C193,41,99.3,88
C194,65,38.1,29
C195,39,67.6,9
C196,31,27.9,68
C197,22,104.8,80
C198,48,96.1,15
C199,59,22.8,31
C200,29,34.9,78
